Collection title,Handle,Automated rule field,Operator,Rule value,SEO title,Collection description
Polarized Sunglasses,polarized-sunglasses,Product tag,is equal to,Polarized,Polarized sunglasses for bright days,"Shop SVANK polarized sunglasses designed to reduce reflected glare. Explore high-fashion frames in classic black, tortoiseshell, vivid color, and modern metal finishes."
Unisex Fashion Sunglasses,unisex-fashion-sunglasses,Product tag,is equal to,Unisex Fashion,Unisex fashion sunglasses by SVANK,"Discover accessible high-fashion sunglasses for men, women, and unisex wardrobes. Explore editorial shapes and expressive colors, all priced at $34.99."
Rectangle & Square Sunglasses,rectangle-square-sunglasses,Product tag,is equal to,Rectangle & Square,Rectangle and square sunglasses,"Shop structured rectangle and square sunglasses with clean lines, confident proportions, and modern color. Find polarized and statement frames for everyday styling."
Round & Oval Sunglasses,round-oval-sunglasses,Product tag,is equal to,Round & Oval,Round and oval sunglasses,Explore round and oval sunglasses with softened lines and retro-modern character. Discover colorful and classic frames designed for gender-inclusive style.
Cat-Eye Sunglasses,cat-eye-sunglasses,Product tag,is equal to,Cat-Eye Collection,Cat-eye sunglasses,"Shop cat-eye sunglasses with lifted lines and sculptural personality. Explore refined black, blush, and statement frames for polished everyday looks."
Geometric & Browline Sunglasses,geometric-browline-sunglasses,Product tag,is equal to,Geometric & Browline,Geometric and browline sunglasses,"Discover architectural geometric and browline sunglasses with artful angles, metal details, and expressive lenses for a modern fashion-forward finish."
D-Frame Sunglasses,d-frame-sunglasses,Product tag,is equal to,D-Frame Collection,D-frame sunglasses,Shop versatile D-frame sunglasses that balance classic lines with contemporary proportions. Explore accessible high-fashion black frames and polarized lenses.
Black Sunglasses,black-sunglasses,Product tag,is equal to,Black Frames,Black sunglasses,"Explore black sunglasses across rectangle, cat-eye, D-frame, oval, and geometric silhouettes. Timeless color meets accessible high-fashion design."
Colorful Statement Sunglasses,colorful-statement-sunglasses,Product tag,is equal to,Color Frames,Colorful statement sunglasses,"Shop colorful statement sunglasses in orange, green, blush, blue, tortoiseshell, red, and metallic finishes designed to make everyday styling more expressive."
