Model,Marketing name,Frame shape,Frame color,Lens color,Style,Audience tags
8940-1,SVANK Noir Atelier,Browline,black and gold-tone,smoky gray,retro refined,Men; Women; Unisex
8940-5,SVANK Rouge Vision,Browline,red and gold-tone,smoky gray,bold retro,Men; Women; Unisex
8936-1,SVANK Obsidian Poise,D-frame,black,smoky gray,modern classic,Men; Women; Unisex
8934-2,SVANK Blush Nouveau,Cat-eye,translucent blush,pale peach,soft sculptural,Men; Women; Unisex
8934-9,SVANK Verdant Muse,Round,translucent green,smoky gray,artistic retro,Men; Women; Unisex
7826M-4,SVANK Azure Horizon,Square,navy,blue mirrored,sport-luxe,Men; Women; Unisex
8961-1,SVANK Onyx Facet,Geometric,black and gold-tone,smoky gray,architectural,Men; Women; Unisex
8961-2,SVANK Apricot Prism,Geometric,blush and gold-tone,amber,artistic angular,Men; Women; Unisex
8960-1,SVANK Noir Meridian,Geometric,black and gold-tone,smoky gray,refined angular,Men; Women; Unisex
8960-8,SVANK Lilac Geometry,Geometric,silver-tone,lavender,lightweight avant-garde,Men; Women; Unisex
8938-1,SVANK Midnight Monolith,Rectangle,black,smoky gray,bold minimalist,Men; Women; Unisex
8902-1,SVANK Noir Cadence,Rectangle,black,smoky gray,slim contemporary,Men; Women; Unisex
8947-1,SVANK Shadow Elan,D-frame,black,smoky gray,timeless modern,Men; Women; Unisex
8918-3,SVANK Amber Archive,Square,amber tortoiseshell,gray-green,vintage intellectual,Men; Women; Unisex
8918-10,SVANK Rose Artistry,Rectangle,blush pink and tortoiseshell,smoky gray,playful refined,Men; Women; Unisex
8949-1,SVANK Obsidian Kraft,Rectangle,black,smoky gray,angular statement,Men; Women; Unisex
8949-2,SVANK Sienna Gallery,Square,translucent orange,warm brown,bold artistic,Men; Women; Unisex
8943-1,SVANK Noir Perspective,D-frame,black,smoky gray,layered retro,Men; Women; Unisex
8907-1,SVANK Eclipse Atelier,Cat-eye,black with brown accent,smoky gray,sculptural vintage,Men; Women; Unisex
8911-1,SVANK Midnight Verve,D-frame,black,smoky gray,clean classic,Men; Women; Unisex
8915-3,SVANK Cobalt Passage,Round,translucent navy,gray-green,modern navigator,Men; Women; Unisex
8667-1,SVANK Velvet Orbit,Oval,black,smoky gray,compact retro,Men; Women; Unisex
8657-1,SVANK Noir Vanguard,Rectangle,black,smoky gray,narrow futuristic,Men; Women; Unisex
8625-1,SVANK Mauve Nocturne,Rectangle,black,smoky mauve,slim architectural,Men; Women; Unisex
8621-2,SVANK Tangerine Salon,Round,translucent orange,warm brown,bright retro,Men; Women; Unisex
8613-4,SVANK Marine Aura,Round,navy with cyan accent,gray-green,color-accented vintage,Men; Women; Unisex
8605-2,SVANK Peach Tableau,Rectangle,translucent peach,warm brown,soft contemporary,Men; Women; Unisex
8611-11,SVANK Crimson Outline,Rectangle,translucent charcoal with red accent,smoky gray,layered modern,Men; Women; Unisex
8605-1,SVANK Obsidian Form,Rectangle,black,smoky gray,oversized sculptural,Men; Women; Unisex
A1439-1,SVANK Noir Structure,Rectangle,black,smoky gray,chunky architectural,Men; Women; Unisex
8058-1,SVANK Midnight Flourish,Cat-eye,black,smoky gray,sharp refined,Men; Women; Unisex
883301S-C01,SVANK Shadow Edition,Rectangle,black,smoky gray,compact contemporary,Men; Women; Unisex
882281S-C01,SVANK Onyx Sculpture,Geometric,black,smoky gray,faceted statement,Men; Women; Unisex
