Product title,URL handle,SKU,Model,Price,Collection tag
Noir Atelier Browline Polarized Sunglasses,svank-8940-1,SVANK-8940-1,8940-1,34.99,Unisex Fashion
Rouge Vision Browline Polarized Sunglasses,svank-8940-5,SVANK-8940-5,8940-5,34.99,Unisex Fashion
Obsidian Poise D-frame Polarized Sunglasses,svank-8936-1,SVANK-8936-1,8936-1,34.99,Unisex Fashion
Blush Nouveau Cat-eye Polarized Sunglasses,svank-8934-2,SVANK-8934-2,8934-2,34.99,Unisex Fashion
Verdant Muse Round Polarized Sunglasses,svank-8934-9,SVANK-8934-9,8934-9,34.99,Unisex Fashion
Azure Horizon Square Polarized Sunglasses,svank-7826m-4,SVANK-7826M-4,7826M-4,34.99,Unisex Fashion
Onyx Facet Geometric Polarized Sunglasses,svank-8961-1,SVANK-8961-1,8961-1,34.99,Unisex Fashion
Apricot Prism Geometric Polarized Sunglasses,svank-8961-2,SVANK-8961-2,8961-2,34.99,Unisex Fashion
Noir Meridian Geometric Polarized Sunglasses,svank-8960-1,SVANK-8960-1,8960-1,34.99,Unisex Fashion
Lilac Geometry Geometric Polarized Sunglasses,svank-8960-8,SVANK-8960-8,8960-8,34.99,Unisex Fashion
Midnight Monolith Rectangle Polarized Sunglasses,svank-8938-1,SVANK-8938-1,8938-1,34.99,Unisex Fashion
Noir Cadence Rectangle Sunglasses,svank-8902-1,SVANK-8902-1,8902-1,34.99,Unisex Fashion
Shadow Elan D-frame Polarized Sunglasses,svank-8947-1,SVANK-8947-1,8947-1,34.99,Unisex Fashion
Amber Archive Square Polarized Sunglasses,svank-8918-3,SVANK-8918-3,8918-3,34.99,Unisex Fashion
Rose Artistry Rectangle Polarized Sunglasses,svank-8918-10,SVANK-8918-10,8918-10,34.99,Unisex Fashion
Obsidian Kraft Rectangle Polarized Sunglasses,svank-8949-1,SVANK-8949-1,8949-1,34.99,Unisex Fashion
Sienna Gallery Square Polarized Sunglasses,svank-8949-2,SVANK-8949-2,8949-2,34.99,Unisex Fashion
Noir Perspective D-frame Polarized Sunglasses,svank-8943-1,SVANK-8943-1,8943-1,34.99,Unisex Fashion
Eclipse Atelier Cat-eye Polarized Sunglasses,svank-8907-1,SVANK-8907-1,8907-1,34.99,Unisex Fashion
Midnight Verve D-frame Polarized Sunglasses,svank-8911-1,SVANK-8911-1,8911-1,34.99,Unisex Fashion
Cobalt Passage Round Polarized Sunglasses,svank-8915-3,SVANK-8915-3,8915-3,34.99,Unisex Fashion
Velvet Orbit Oval Polarized Sunglasses,svank-8667-1,SVANK-8667-1,8667-1,34.99,Unisex Fashion
Noir Vanguard Rectangle Polarized Sunglasses,svank-8657-1,SVANK-8657-1,8657-1,34.99,Unisex Fashion
Mauve Nocturne Rectangle Polarized Sunglasses,svank-8625-1,SVANK-8625-1,8625-1,34.99,Unisex Fashion
Tangerine Salon Round Polarized Sunglasses,svank-8621-2,SVANK-8621-2,8621-2,34.99,Unisex Fashion
Marine Aura Round Polarized Sunglasses,svank-8613-4,SVANK-8613-4,8613-4,34.99,Unisex Fashion
Peach Tableau Rectangle Polarized Sunglasses,svank-8605-2,SVANK-8605-2,8605-2,34.99,Unisex Fashion
Crimson Outline Rectangle Polarized Sunglasses,svank-8611-11,SVANK-8611-11,8611-11,34.99,Unisex Fashion
Obsidian Form Rectangle Polarized Sunglasses,svank-8605-1,SVANK-8605-1,8605-1,34.99,Unisex Fashion
Noir Structure Rectangle Polarized Sunglasses,svank-a1439-1,SVANK-A1439-1,A1439-1,34.99,Unisex Fashion
Midnight Flourish Cat-eye Polarized Sunglasses,svank-8058-1,SVANK-8058-1,8058-1,34.99,Unisex Fashion
Shadow Edition Rectangle Polarized Sunglasses,svank-883301s-c01,SVANK-883301S-C01,883301S-C01,34.99,Unisex Fashion
Onyx Sculpture Geometric Polarized Sunglasses,svank-882281s-c01,SVANK-882281S-C01,882281S-C01,34.99,Unisex Fashion
